0,2.59603
1,-0.724732
2,-0.452529
3,-0.882404
4,-0.242855
5,-0.573403
6,-0.803207
7,1.10265
8,-0.0363076
9,-0.83493
10,0.345585
11,-1.97492
12,0.450618
13,0.00232634
14,-0.741669
15,0.341569
16,0.697947
17,0.097933
18,0.554536
19,0.0536323
20,-0.594191
21,0.19935
22,-2.25527
23,-0.0232323
24,-1.15236
25,4.95018
26,-1.09166
27,2.29374
28,-0.820542
29,5.20536
30,-0.446911
31,0.999031
32,-1.20752
33,1.79979
34,1.8925
35,-1.05921
36,0.0778476
37,-1.58784
38,0.18566
39,-1.26206
40,-1.02498
41,-0.534155
42,-0.30553
43,0.273491
44,1.17557
45,0.916311
46,-0.709822
47,1.8989
48,0.0987555
49,-1.07229
50,-0.621411
51,-0.236502
52,0.0404547
53,1.59936
54,0.378516
55,-0.348487
56,1.3834
57,-1.66375
58,0.884758
59,-1.77966
60,0.679246
61,0.9172
62,-1.47975
63,-0.824302
64,0.101322
65,2.18056
66,-0.443218
67,4.03392
68,-1.72898
69,-0.650995
70,-0.379432
71,0.0632345
72,1.7771
73,-0.826074
74,-0.259242
75,-1.50096
76,0.333084
77,0.614486
78,-1.19878
79,-0.00402203
80,-0.852563
81,4.96781
82,0.225599
83,0.292354
84,-0.0941964
85,-0.32565
86,-1.07036
87,-1.09078
88,-0.762734
89,0.269006
90,-0.995672
91,2.70327
92,-2.05413
93,-1.71927
94,8.13041
95,0.0290719
96,0.320282
97,-0.994841
98,-2.09726
99,2.77959
100,0.0307841
101,1.7717
102,-0.831181
103,-0.815664
104,-0.324027
105,-0.301419
106,-0.944493
107,2.51051
108,-1.41516
109,5.5204
110,-1.63866
111,0.0183475
112,-0.104666
113,6.38194
114,2.33512
115,-0.511119
116,-0.516058
117,-0.503841
118,-0.461562
119,-0.112944
120,-1.72553
121,-0.711889
122,-0.338666
123,-0.270337
124,2.26817
125,-1.48217
126,-0.563065
127,-1.07555
128,-1.15236
129,-0.0594195
130,0.755764
131,1.17225
132,1.88842
133,0.618038
134,-0.0598007
135,0.645723
136,2.33913
137,-1.05217
138,0.941148
139,6.26868
140,0.0168447
141,0.181755
142,-1.151
143,1.14043
144,-0.621157
145,0.877549
146,2.46514
147,-1.45729
148,-0.888562
149,-0.476777
150,1.31062
151,-0.209124
152,1.43791
153,5.84915
154,6.72256
155,-0.275478
156,0.535658
157,3.23872
158,-1.38294
159,2.20381
160,-0.143137
161,-0.254063
162,3.89976
163,-0.71709
164,2.00775
165,-0.745501
166,-0.922169
167,6.37988
168,4.53597
169,-0.635611
170,0.789615
171,6.53971
172,-0.00485785
173,1.50344
174,-0.59117
175,3.579
176,-0.14978
177,3.20961
178,1.93862
179,0.573193
180,-0.697842
181,2.20477
182,-0.818388
183,-0.0991523
184,-0.214108
185,-0.949079
186,-0.0293892
187,-0.475172
188,-1.22457
189,0.883716
190,-2.4942
191,2.17573
192,1.83902
193,1.19032
194,-0.402813
195,2.77699
196,-2.29989
197,-0.042753
198,-0.366595
199,3.2995
200,1.10908
201,-0.1365
202,0.40191
203,-0.380161
204,-0.720924
205,-0.147964
206,0.922448
207,-1.67915
208,-0.326501
209,0.646441
210,-1.13132
211,-0.937323
212,5.20018
213,-0.865522
214,-0.659444
215,-1.257
216,-1.66471
217,-0.398129
218,3.67895
219,-0.515265
220,-1.20848
221,-1.16357
222,-1.89176
223,5.341
224,6.30249
225,-1.0588
226,2.61823
227,-1.72065
228,-0.737741
229,3.94943
230,-1.07646
231,-1.13059
232,2.53921
233,-0.694443
234,0.936233
235,-1.03042
236,-0.674746
237,-0.811358
238,-0.236338
239,30.4558
240,4.823
241,-0.897806
242,-0.327712
243,6.14863
244,-0.292741
245,1.16722
246,0.0993397
247,1.04679
248,-1.97033
249,-2.08557
250,-0.914544
251,-0.646556
252,-1.51215
253,-0.0470355
254,-0.720774
255,-0.282101
256,1.09953
257,0.10995
258,-1.7961
259,1.16856
260,-0.891234
261,-1.37612
262,2.81829
263,4.6958
264,-0.455602
265,-1.62088
266,-1.56436
267,0.689853
268,1.57913
269,-0.449892
270,9.36801
271,1.90058
272,-0.676547
273,-0.204488
274,-0.82162
275,0.183367
276,-1.17764
277,2.65167
278,2.30182
279,0.384506
280,0.200514
281,-0.932925
282,-0.577455
283,1.37434
284,-0.900084
285,-0.779222
286,1.04456
287,0.767443
288,1.06424
289,-0.120709
290,-1.10325
291,0.51567
292,-0.964124
293,17.9597
294,6.32793
295,0.103927
296,-0.213786
297,1.7706
298,-1.13056
299,-0.539499
300,10.4223
301,1.60537
302,1.50761
303,8.11246
304,-2.48558
305,2.78356
306,1.21029
307,1.48355
308,-0.107673
309,-0.759409
310,7.27101
311,1.00948
312,0.850395
313,11.8169
314,1.69398
315,7.01202
316,2.34867
317,-1.15238
318,-1.32315
319,0.472385
320,-0.308969
321,1.0598
322,-1.26116
323,-1.06576
324,-0.00698005
325,-1.81959
326,1.00484
327,-0.586295
328,-0.359033
329,-1.52658
330,-0.962917
331,-0.299224
332,11.0992
333,-0.729471
334,-0.505511
335,1.56185
336,1.80846
337,-0.220089
338,2.50975
339,0.266111
340,-0.0570056
341,-0.0982663
342,0.0436233
343,-1.41468
344,0.41566
345,1.80542
346,5.1174
347,-0.154818
348,0.861564
349,6.22813
350,0.585534
351,1.21173
352,1.0095
353,-0.743898
354,-1.25112
355,-1.93171
356,0.546938
357,0.654267
358,-0.213505
359,-0.172663
360,0.608047
361,-0.34426
362,2.15161
363,0.701059
364,0.387445
365,2.84712
366,0.0211884
367,1.2052
368,-0.567888
369,1.86134
370,-0.668972
371,1.42076
372,0.150157
373,1.90256
374,-0.769504
375,6.44762
376,1.05369
377,-1.01351
378,4.56338
379,-1.32356
380,-0.349952
381,2.51053
382,-1.18622
383,-1.47035
384,-0.280664
385,1.94766
386,4.37474
387,1.2541
388,0.739844
389,1.15376
390,-1.16322
391,0.174211
392,1.38065
393,-0.438443
394,1.48953
395,-0.0791672
396,-1.42841
397,-0.908981
398,-1.02694
399,-1.05095
400,-1.04111
401,-2.01207
402,0.0820186
403,-0.155432
404,1.72353
405,-0.31049
406,-1.46887
407,10.5166
408,-0.873651
409,-0.201921
410,-0.774777
411,1.53912
412,-0.546795
413,-0.641568
414,-0.14008
415,-0.642618
416,-1.94182
417,-1.17074
418,0.896954
419,5.56704
420,-0.126603
421,0.843422
422,-1.54366
423,0.0870078
424,-0.328865
425,-0.912511
426,2.49467
427,-0.206121
428,0.28418
429,0.726767
430,-0.125679
431,-0.989944
432,-1.33887
433,4.40562
434,-2.61278
435,7.48871
436,0.832014
437,-0.346476
438,-1.13626
439,-0.29203
440,-1.76261
441,-0.285526
442,-0.558301
443,-0.662523
444,0.0847418
445,0.725743
446,-1.46744
447,0.941828
448,2.80586
449,2.06129
450,0.428532
451,-1.12254
452,-0.789974
453,3.60543
454,-1.39045
455,0.0176336
456,0.75771
457,0.720194
458,-1.02546
459,-1.69913
460,-0.417909
461,0.0293848
462,1.76007
463,1.3351
464,-1.42266
465,0.360704
466,0.640765
467,-0.716948
468,-1.34803
469,2.32493
470,-0.241327
471,2.72876
472,-0.552048
473,-0.644649
474,0.396661
475,1.17267
476,2.37659
477,-0.777594
478,-1.13324
479,-1.56892
480,-1.13716
481,5.76586
482,0.439849
483,-0.578961
484,0.517651
485,-0.0544994
486,-0.525879
487,-0.763419
488,0.877514
489,-0.0950515
490,2.84291
491,0.0722306
492,1.23867
493,1.02772
494,0.344952
495,2.42649
496,0.218032
497,-1.26649
498,11.0124
499,0.474461
500,-1.58093
501,0.0516048
502,0.61423
503,-1.40328
504,6.96071
505,2.37723
506,-0.767363
507,-0.410794
508,-0.998357
509,-1.04785
510,1.71825
511,-0.702141
512,2.21092
513,0.327518
514,2.52286
515,-1.16996
516,-1.96064
517,-1.55337
518,-0.449189
519,3.8153
520,-1.21643
521,1.77979
522,-0.5481
523,2.11139
524,7.7954
525,-1.14665
526,3.1218
527,-0.0252669
528,-0.201013
529,-0.103738
530,1.80342
531,1.14644
532,4.47439
533,-0.97833
534,0.283458
535,-0.822912
536,3.98946
537,-0.89026
538,7.69033
539,1.32371
540,0.987836
541,-1.7613
542,0.723368
543,-0.913176
544,-1.55125
545,-1.88128
546,-1.07204
547,-0.0631674
548,-1.03459
549,2.94614
550,-0.378528
551,0.779144
552,2.2991
553,-1.56113
554,0.24121
555,-0.283827
556,-0.00934431
557,4.11641
558,14.1312
559,1.3147
560,-0.0155458
561,-0.948234
562,1.95541
563,-0.805517
564,0.0207613
565,-1.13007
566,-1.17214
567,-0.525234
568,2.57512
569,0.0510336
570,-0.209775
571,1.17146
572,0.742263
573,0.530021
574,0.0213624
575,-0.360304
576,-0.948181
577,7.43547
578,0.291534
579,6.46639
580,-0.557728
581,0.936225
582,1.60467
583,0.154065
584,-0.0247074
585,0.753827
586,-1.99279
587,2.78174
588,-0.223772
589,0.146203
590,3.00337
591,2.37898
592,-0.818669
593,-0.477872
594,0.274085
595,-0.980763
596,1.80194
597,0.332259
598,0.298376
599,1.64502
600,-0.877873
601,-0.352564
602,-0.388678
603,0.145345
604,-0.0185778
605,0.432918
606,0.848311
607,-0.539328
608,6.03279
609,-2.10174
610,2.52689
611,8.0317
612,-1.4356
613,-0.82478
614,1.87524
615,-0.106019
616,-0.320603
617,-1.37115
618,-1.93675
619,1.64313
620,-1.72659
621,-1.46995
622,2.96816
623,-0.195383
624,-0.905844
625,1.0941
626,0.179715
627,-1.11009
628,0.113851
629,-1.04651
630,-0.0166759
631,-1.59091
632,-1.56118
633,3.58951
634,-0.81352
635,0.465954
636,1.65731
637,-1.31141
638,-0.84244
639,-0.991559
640,2.64214
641,8.52868
642,1.51627
643,-1.08864
644,-1.87717
645,0.459712
646,-0.711997
647,-0.652965
648,0.00814857
649,-0.296357
650,-3.05267
651,0.345949
652,1.33741
653,0.235938
654,1.54031
655,0.443484
656,3.24903
657,-0.958151
658,-0.629838
659,-0.664932
660,-0.208445
661,-1.20328
662,0.588922
663,-0.622661
664,0.106775
665,-0.628693
666,-1.01018
667,2.11378
668,1.07716
669,-1.43397
670,1.34474
671,-0.567697
672,-0.974322
673,3.04199
674,-0.140847
675,2.01311
676,-1.75691
677,0.570104
678,-0.253166
679,1.27593
680,0.593321
681,1.59627
682,5.88691
683,-0.690353
684,0.398713
685,1.46719
686,0.126305
687,1.86439
688,-0.599235
689,2.93048
690,-0.118468
691,0.514764
692,0.394427
693,-0.793203
694,1.40967
695,-1.57555
696,0.565423
697,2.30562
698,-0.111825
699,2.70534
700,-0.507176
701,-0.567964
702,4.11869
703,0.150461
704,-0.25767
705,-1.00173
706,-1.25687
707,0.341706
708,0.379049
709,-0.496821
710,0.20915
711,-0.857028
712,-0.841776
713,-0.777495
714,-2.40347
715,-0.0439483
716,4.2172
717,-1.09919
718,-1.14446
719,1.01044
720,-2.1961
721,-0.585872
722,2.19246
723,-0.588956
724,-2.24444
725,0.188289
726,1.42488
727,2.20269
728,-0.661974
729,-0.536159
730,-0.924529
731,2.90036
732,-0.623682
733,-0.0292664
734,-0.494894
735,-0.566084
736,1.39066
737,-0.0215772
738,-1.44095
739,-0.269928
740,-0.229056
741,5.11903
742,0.506705
743,4.56799
744,2.85096
745,-1.65762
746,-1.14921
747,1.23106
748,-0.470373
749,0.95461
750,-1.00434
751,-0.0455238
752,1.66442
753,3.28435
754,-0.242169
755,-0.295477
756,-0.0415758
757,1.99209
758,2.15842
759,-1.99259
760,-0.84305
761,-1.51437
762,0.928061
763,-0.237054
764,2.04493
765,-0.0293793
766,0.159818
767,-0.380447
768,-0.474723
769,1.26339
770,-0.683414
771,4.24206
772,1.98102
773,1.02278
774,2.27991
775,1.08727
776,2.84196
777,1.07523
778,1.5222
779,2.96991
780,-1.77036
781,-0.611582
782,-1.14305
783,-1.70464
784,0.97312
785,0.983688
786,0.338014
787,0.682922
788,0.907769
789,-2.07631
790,-0.301394
791,-0.23175
792,10.7065
793,-1.60299
794,-0.765566
795,-1.42196
796,0.661462
797,-1.22816
798,0.775829
799,2.12771
800,3.28879
801,-0.851482
802,-1.29297
803,-0.523927
804,-1.57806
805,-1.39517
806,1.35989
807,0.178868
808,-0.183763
809,-0.740808
810,-0.397709
811,-0.986311
812,-0.255901
813,-0.543962
814,0.150355
815,-0.367454
816,2.82505
817,0.35309
818,-1.42798
819,-1.74226
820,0.485038
821,-0.416088
822,1.16582
823,-0.805611
824,-1.32656
825,-0.421397
826,-0.48635
827,-0.0133968
828,0.403218
829,-0.0415199
830,0.335329
831,2.81623
832,-0.429498
833,-0.375902
834,2.38764
835,3.13175
836,-1.21269
837,-0.0659595
838,4.01017
839,-1.52958
840,-1.93325
841,-0.266023
842,-0.244751
843,-0.250376
844,0.752707
845,1.11353
846,-0.590832
847,2.53492
848,7.77301
849,-0.658197
850,-1.15578
851,-0.283915
852,-0.643458
853,2.50808
854,-1.04994
855,-0.940273
856,0.18309
857,4.31886
858,1.02972
859,-1.16758
860,-0.272442
861,4.53085
862,-0.99086
863,1.65107
864,1.00062
865,1.13531
866,3.92966
867,-0.123265
868,-2.2052
869,-1.60979
870,-0.827289
871,0.686745
872,0.512303
873,-0.605338
874,-0.639819
875,-0.788197
876,-1.01758
877,-1.25736
878,0.755307
879,7.47622
880,-1.59323
881,6.72509
882,4.54983
883,2.64401
884,-1.41206
885,0.22399
886,-1.7097
887,-1.72297
888,1.03038
889,-1.22827
890,0.0860989
891,-0.391767
892,1.24796
893,-0.271967
894,-0.500176
895,3.42612
896,2.15263
897,2.04071
898,-0.796828
899,5.49254
900,0.327826
901,-1.76501
902,-1.35645
903,-0.891798
904,5.47108
905,1.65287
906,3.09988
907,-0.257591
908,-0.602043
909,-0.139888
910,1.26506
911,1.21224
912,-0.678693
913,4.18967
914,0.855546
915,-0.233431
916,0.109323
917,-0.456746
918,8.53695
919,2.27319
920,-1.69644
921,2.4506
922,0.81196
923,-0.904421
924,0.574858
925,-0.35611
926,0.631079
927,0.169317
928,-2.39477
929,2.63169
930,-0.0752941
931,-0.14147
932,-1.27155
933,-0.763686
934,0.204518
935,-1.70644
936,12.5582
937,2.12976
938,0.348508
939,-0.986178
940,-0.0264502
941,-1.19638
942,-0.844479
943,0.66664
944,0.605844
945,-0.496019
946,-1.00867
947,1.10771
948,-0.794042
949,-0.920663
950,-0.864142
951,-1.32446
952,2.39223
953,2.32318
954,-0.954891
955,4.62873
956,4.19387
957,-0.112894
958,3.52313
959,0.143925
960,1.21529
961,0.528501
962,-0.360286
963,-1.77314
964,-1.58217
965,-1.4474
966,-1.14671
967,-0.242704
968,4.30522
969,-1.19183
970,-0.322293
971,-1.56891
972,-0.431992
973,7.21677
974,-1.70657
975,-1.67726
976,-0.942601
977,-0.829873
978,-0.822711
979,1.14162
980,-1.87749
981,2.14151
982,-0.333704
983,-2.63999
984,2.24798
985,0.557157
986,0.694554
987,2.13355
988,-0.346238
989,0.707087
990,1.93328
991,-0.89781
992,-1.84177
993,0.971332
994,0.580565
995,0.805462
996,-0.277342
997,1.17687
998,-0.814781
999,-0.555668
1000,-0.782297
1001,0.652258
1002,4.46431
1003,-3.29561
1004,-1.14062
1005,-1.11747
1006,-0.716939
1007,-0.596697
1008,-0.385853
1009,0.179246
1010,-1.4613
1011,-0.717167
1012,2.46685
1013,0.630719
1014,1.20253
1015,-1.50612
1016,-1.81148
1017,-0.280176
1018,-0.986035
1019,1.10623
1020,0.254889
1021,0.980332
1022,-0.402723
1023,-0.266456
1024,-1.55937
1025,-0.46725
1026,-0.833609
1027,2.14499
1028,0.97672
1029,0.0246324
1030,0.108421
1031,-1.34421
1032,1.20925
1033,0.0250159
1034,-1.17116
1035,0.759298
1036,-0.68216
1037,0.426744
1038,-1.61955
1039,3.16181
1040,4.68955
1041,0.21439
1042,3.29411
1043,-0.691069
1044,0.412542
1045,-1.75999
1046,-0.0753656
1047,-0.614899
1048,-1.0812
1049,0.393119
1050,-0.245285
1051,3.22614
1052,-1.20929
1053,0.353814
1054,0.621771
1055,-0.0752808
1056,1.5087
1057,-1.85173
1058,1.55475
1059,-1.12391
1060,1.10177
1061,-0.0836218
1062,-1.10585
1063,0.246837
1064,2.0732
1065,0.396481
1066,-1.78631
1067,0.918842
1068,1.64631
1069,-0.546744
1070,0.881218
1071,-0.86271
1072,1.68495
1073,-0.713881
1074,-0.24283
1075,-1.47362
1076,-1.54882
1077,3.38588
1078,-0.83896
1079,-0.717596
1080,4.23684
1081,2.26792
1082,1.78677
1083,-0.179079
1084,-0.888395
1085,-1.19255
1086,1.55496
1087,-1.20175
1088,0.384354
1089,-1.67415
1090,-0.271899
1091,2.46587
1092,1.56677
1093,7.09014
1094,-1.09827
1095,-0.187818
1096,0.867173
1097,4.6817
1098,-0.2642
1099,-0.743036
1100,3.6559
1101,1.58403
1102,-0.321331
1103,-0.402491
1104,-1.25317
1105,-1.15069
1106,0.116262
1107,-0.606242
1108,0.204842
1109,2.7725
1110,0.00375026
1111,0.0114271
1112,-0.163871
1113,0.123783
1114,-0.483676
1115,-1.2518
1116,0.597932
1117,0.495319
1118,-1.41938
1119,-0.854366
1120,-1.58491
1121,5.42335
1122,0.813275
1123,-1.35709
1124,-1.47412
1125,-0.856455
1126,1.97568
1127,-0.91945
1128,1.76595
1129,-1.19511
1130,3.45006
1131,-1.05755
1132,-0.641802
1133,-2.99749
1134,-0.0898419
1135,1.73029
1136,-0.694499
1137,-0.949547
1138,-0.0910988
1139,-1.17827
1140,-0.835248
1141,0.161555
1142,5.71788
1143,-1.02911
1144,-1.33348
1145,-0.28673
1146,4.05095
1147,-1.52452
1148,3.09831
1149,-0.927616
1150,0.5035
1151,0.475265
1152,1.81218
1153,-1.78473
1154,0.172511
1155,-1.61612
1156,-0.325903
1157,2.95379
1158,-0.989356
1159,-1.26118
1160,0.0332483
1161,0.429854
1162,1.57227
1163,1.01166
1164,-0.466037
1165,-0.520364
1166,-0.086843
1167,-1.05596
1168,0.339331
1169,-1.19226
1170,0.443831
1171,1.90793
1172,0.294088
1173,0.548547
1174,-1.1251
1175,0.236785
1176,0.266964
1177,-0.740158
1178,1.59951
1179,-1.02939
1180,-0.551809
1181,0.0614662
1182,1.73521
1183,-1.03758
1184,0.299072
1185,2.02823
1186,4.29355
1187,0.314398
1188,1.11746
1189,-0.727808
1190,1.30688
1191,1.24769
1192,2.19846
1193,-1.24327
1194,0.825638
1195,0.508345
1196,0.778152
1197,-0.521805
1198,-2.15805
1199,-1.33013
1200,10.2166
1201,-1.73413
1202,-0.829323
1203,-0.143411
1204,-0.619064
1205,0.273242
1206,0.544148
1207,-1.03133
1208,0.531281
1209,0.104375
1210,-1.23283
1211,-0.689257
1212,3.99945
1213,-0.393824
1214,-1.46955
1215,2.04608
1216,-0.260829
1217,-0.439352
1218,3.81252
1219,-0.738005
1220,-0.312274
1221,-1.24239
1222,-0.439356
1223,5.93249
1224,1.22436
1225,2.15642
1226,7.24713
1227,0.559837
1228,-0.603952
1229,0.719904
1230,-2.47694
1231,2.71399
1232,-0.877461
1233,-1.45631
1234,14.2813
1235,0.334003
1236,-0.45872
1237,-1.63513
1238,1.84997
1239,3.30919
1240,-1.20305
1241,8.72685
1242,1.44406
1243,-0.656858
1244,0.777994
1245,-1.0712
1246,0.900888
1247,1.52929
1248,2.06218
1249,-0.32754
1250,3.37704
1251,1.74998
1252,-0.752504
1253,-0.731424
1254,0.0956715
1255,-2.00818
1256,1.04403
1257,-0.639936
1258,-0.289759
1259,2.69261
1260,3.88126
1261,-0.224294
1262,2.56328
1263,-1.2231
1264,-1.97997
1265,2.17188
1266,2.97812
1267,0.207437
1268,-0.602984
1269,-1.31784
1270,-0.226995
1271,-0.431034
1272,0.0111013
1273,1.67117
1274,-0.454345
1275,1.55724
1276,2.07989
1277,4.57712
1278,-0.305106
1279,-0.635718
1280,0.656433
1281,2.00274
1282,0.533602
1283,-1.10385
1284,-1.92366
1285,-0.724605
1286,-1.93844
1287,-0.921146
1288,-1.04115
1289,1.17228
1290,4.71992
1291,-0.45419
1292,1.34689
1293,-0.669059
1294,-0.500379
1295,5.93336
1296,0.479616
1297,4.31293
1298,5.61874
1299,2.09738
1300,-1.24459
1301,0.482017
1302,2.49367
1303,1.50466
1304,-0.420377
1305,2.96875
1306,-3.27868
1307,-0.233762
1308,-0.671002
1309,7.18632
1310,0.265865
1311,1.01046
1312,0.316999
1313,4.06485
1314,-0.542507
1315,3.37722
1316,-0.97798
1317,0.872517
1318,-0.289763
1319,1.33247
1320,3.08773
1321,-0.888282
1322,-1.21775
1323,3.71291
1324,-0.444606
1325,-1.06109
1326,0.174763
1327,0.0395063
1328,1.20089
1329,0.60888
1330,-2.14785
1331,-0.255714
1332,0.0479227
1333,-0.504196
1334,-0.170137
1335,-0.317495
1336,10.8595
1337,3.06482
1338,0.731664
1339,-1.58593
1340,3.24822
1341,0.25104
1342,-0.562912
1343,0.715871
1344,-0.483956
1345,-1.11504
1346,-2.63358
1347,3.37735
1348,-1.29961
1349,0.73338
1350,3.05623
1351,1.38812
1352,-0.648986
1353,-0.835865
1354,4.74398
1355,-1.39948
1356,4.86221
1357,0.219044
1358,4.91516
1359,0.711906
1360,-1.21784
1361,1.90482
1362,-0.181682
1363,0.131039
1364,1.05861
1365,1.13229
1366,-0.321492
1367,-0.552682
1368,0.966342
1369,-0.225827
1370,-2.46111
1371,-0.417802
1372,-0.184202
1373,0.774522
1374,0.0588372
1375,0.421482
1376,3.03541
1377,-0.961019
1378,-0.760492
1379,2.33487
1380,-1.8852
1381,-0.751899
1382,-0.472389
1383,4.72351
1384,-0.539185
1385,0.397136
1386,14.1403
1387,-0.549322
1388,8.86631
1389,2.20207
1390,-0.801969
1391,-0.266077
1392,-0.38472
1393,1.17982
1394,1.39465
1395,0.833283
1396,1.8494
1397,0.348243
1398,12.0338
1399,-0.541618
1400,-0.711873
1401,1.27444
1402,-0.937046
1403,-1.30497
1404,1.07027
1405,1.2743
1406,-0.902056
1407,0.0523614
1408,-0.606839
1409,0.303194
1410,-1.16436
1411,-1.06612
1412,-0.64134
1413,0.259233
1414,-0.303145
1415,-0.381797
1416,-2.39021
1417,0.135956
1418,1.1583
1419,-1.14124
1420,0.0361359
1421,-0.380705
1422,-0.408969
1423,-0.958469
1424,1.0085
1425,-1.28459
1426,3.25723
1427,0.957784
1428,-1.73814
1429,1.97817
1430,-1.27466
1431,-1.37268
1432,-1.75605
1433,-0.465801
1434,0.524053
1435,2.92776
1436,-0.313627
1437,2.52328
1438,-0.47869
1439,2.24865
1440,-0.990235
1441,-2.53593
1442,1.51236
1443,0.376112
1444,-0.302891
1445,2.57625
1446,1.87067
1447,2.15202
1448,1.70688
1449,-1.83414
1450,0.0645132
1451,-1.09207
1452,0.214072
1453,-1.22523
1454,1.57271
1455,-0.208882
1456,1.76165
1457,-1.06316
1458,0.808051
1459,-1.54219
1460,1.08141
1461,-1.46376
1462,0.328257
1463,-1.08343
1464,0.424394
1465,-0.707162
1466,1.34618
1467,-0.0306922
1468,-0.1585
1469,-0.738457
1470,1.02101
1471,0.0216384
1472,8.37847
1473,-1.41135
1474,0.499381
1475,-0.420792
1476,-1.05135
1477,-2.07066
1478,2.31507
1479,-0.178906
1480,4.77225
1481,5.10685
1482,2.92516
1483,-0.962385
1484,0.953223
1485,3.81391
1486,1.47127
1487,-2.03295
1488,-1.71325
1489,3.89655
1490,2.51429
1491,-0.310351
1492,-0.894517
1493,-0.163211
1494,1.05598
1495,4.01467
1496,0.491741
1497,2.42179
1498,4.01859
1499,-0.775517
1500,0.890083
1501,-0.362428
1502,-0.617311
1503,8.08191
1504,-1.31414
1505,0.150404
1506,0.808955
1507,-0.989448
1508,0.620915
1509,-0.998635
1510,-2.05897
1511,-1.85156
1512,-0.790251
1513,5.16761
1514,0.62716
1515,7.16815
1516,-0.961953
1517,-1.05317
1518,0.63984
1519,0.336502
1520,4.23785
1521,0.834729
1522,-0.734108
1523,-0.65237
1524,-1.15363
1525,0.127211
1526,-0.233022
1527,1.57263
1528,0.336851
1529,-1.38661
1530,1.82696
1531,-1.01775
1532,1.62605
1533,1.48774
1534,1.74757
1535,-0.568161
1536,-0.788101
1537,1.09113
1538,-1.3985
1539,-0.441601
1540,3.97613
1541,-0.997409
1542,3.49258
1543,-0.039833
1544,-0.793389
1545,-0.380555
1546,-0.765923
1547,-1.4363
1548,0.403359
1549,-0.346518
1550,0.56346
1551,2.16562
1552,0.362755
1553,-0.551314
1554,0.300026
1555,-1.53034
1556,1.4779
1557,-0.557315
1558,2.1923
1559,-1.48063
1560,-1.26005
1561,1.51917
1562,0.340926
1563,7.22668
1564,-0.698617
1565,-0.597578
1566,9.86222
1567,-0.725232
1568,0.687745
1569,-0.296265
1570,-0.826557
1571,2.07352
1572,0.960676
1573,1.09932
1574,-2.26858
1575,9.96627
1576,-0.453432
1577,-2.48854
1578,-1.32078
1579,4.72687
1580,-0.782149
1581,3.38456
1582,2.23303
1583,2.76849
1584,-0.394604
1585,0.473067
1586,1.05424
1587,0.378452
1588,-0.0187049
1589,2.07091
1590,3.2233
1591,-1.2945
1592,1.94798
1593,2.00731
1594,-0.544653
1595,-0.805063
1596,-1.36876
1597,3.85026
1598,0.423565
1599,3.17728
1600,-1.62036
1601,0.787592
1602,-0.165665
1603,-0.308893
1604,0.262024
1605,-0.849381
1606,0.492142
1607,-0.834603
1608,1.12358
1609,-0.937075
1610,-0.466641
1611,3.07268
1612,0.341491
1613,-1.54089
1614,-1.91465
1615,0.067025
1616,-0.938983
1617,-0.282157
1618,0.0151765
1619,-1.31093
1620,-0.420685
1621,2.03433
1622,0.453509
1623,-0.862109
1624,0.921167
1625,-1.12131
1626,2.33982
1627,0.391228
1628,-0.270435
1629,0.806518
1630,-1.0207
1631,-0.28502
1632,3.38884
1633,4.97703
1634,0.258154
1635,0.545718
1636,-0.534314
1637,4.40848
1638,-0.274133
1639,0.361956
1640,2.35132
1641,0.107823
1642,0.635618
1643,-1.1315
1644,4.9969
1645,0.126719
1646,-1.88466
1647,4.07331
1648,-2.27153
1649,-2.48715
1650,1.4285
1651,-0.0082842
1652,0.411839
1653,-0.725529
1654,-0.554292
1655,-1.45968
1656,1.08189
1657,5.22813
1658,-0.479493
1659,-0.589139
1660,1.74095
1661,4.63032
1662,-0.103821
1663,-0.125448
1664,1.25703
1665,1.32247
1666,-2.69436
1667,0.507719
1668,0.0335628
1669,-1.53854
1670,-0.89622
1671,0.518661
1672,8.31203
1673,1.70406
1674,-0.662339
1675,-0.225411
1676,1.54652
1677,2.2241
1678,-0.400089
1679,0.998868
1680,3.46539
1681,-0.311213
1682,2.6427
1683,-0.792285
1684,0.546618
1685,-0.128685
1686,-0.0107398
1687,3.19011
1688,-1.1048
1689,0.0337576
1690,0.391533
1691,5.17963
1692,-1.80475
1693,0.797391
1694,-0.35803
1695,-0.892067
1696,-0.632622
1697,-0.944161
1698,-0.259984
1699,-1.21438
1700,-1.5681
1701,1.65181
1702,-0.674652
1703,1.04278
1704,2.99414
1705,-0.664945
1706,2.48879
1707,-0.622534
1708,1.46726
1709,3.79242
1710,-1.86845
1711,-1.44635
1712,-1.82113
1713,0.132766
1714,0.704013
1715,-1.70108
1716,5.48397
1717,2.13203
1718,-1.13372
1719,-0.565692
1720,6.90829
1721,-1.1153
1722,0.544181
1723,0.649978
1724,-0.772238
1725,5.38295
1726,-1.02746
1727,-0.505311
1728,6.34773
1729,-1.89293
1730,-0.0925455
1731,0.58027
1732,-1.38842
1733,1.77176
1734,0.1268
1735,-0.169636
1736,-0.919567
1737,2.97295
1738,-0.116629
1739,-2.18792
1740,-1.34243
1741,0.777021
1742,-0.394475
1743,-0.492513
1744,-0.1208
1745,-0.513599
1746,0.286011
1747,-1.4132
1748,5.97776
1749,2.48721
1750,-1.34517
1751,-1.30692
1752,-1.3116
1753,-1.85986
1754,0.743644
1755,0.413378
1756,2.54333
1757,2.45422
1758,0.00729275
1759,-1.08217
1760,4.41319
1761,1.57523
1762,0.635185
1763,3.8122
1764,0.139687
1765,1.18188
1766,-1.37096
1767,0.649405
1768,0.995646
1769,-0.984275
1770,0.227326
1771,0.116022
1772,-1.46545
1773,-0.974756
1774,-0.448205
1775,0.00899919
1776,-0.72362
1777,-1.17936
1778,0.795836
1779,-1.09499
1780,-0.0265442
1781,0.269498
1782,-0.115281
1783,2.43309
1784,-0.318694
1785,-0.220971
1786,-0.716609
1787,-1.13045
1788,0.847276
1789,-0.511877
1790,0.27241
1791,-0.219421
1792,1.26541
1793,1.33932
1794,-0.275994
1795,0.406695
1796,-1.58021
1797,0.304235
1798,0.81428
1799,0.211362
1800,0.0433517
1801,-0.636727
1802,0.499803
1803,0.450557
1804,-0.631189
1805,-0.621899
1806,17.62
1807,-0.735211
1808,1.92417
1809,-1.90589
1810,-0.716479
1811,1.5071
1812,-0.714736
1813,0.109775
1814,-1.59754
1815,0.778149
1816,-1.13815
1817,3.43771
1818,-1.09241
1819,-0.347463
1820,-0.764881
1821,-0.468411
1822,-0.274424
1823,0.634319
1824,0.804929
1825,0.723291
1826,0.156843
1827,-1.37162
1828,2.02171
1829,-0.0361038
1830,-1.74137
1831,-0.287526
1832,0.965739
1833,0.125665
1834,-0.0860078
1835,3.44075
1836,0.741347
1837,1.32844
1838,2.863
1839,0.386583
1840,-0.966758
1841,-1.19764
1842,0.227852
1843,2.60568
1844,-1.39088
1845,1.03519
1846,-0.14536
1847,-0.250394
1848,3.69097
1849,-1.19254
1850,-0.0342375
1851,1.26425
1852,-1.02894
1853,-0.212481
1854,3.73811
1855,6.83751
1856,0.98319
1857,6.38063
1858,0.436345
1859,0.12202
1860,-1.54715
1861,0.663845
1862,-0.368697
1863,-1.96661
1864,-1.63759
1865,-1.60434
1866,3.7718
1867,-0.668632
1868,3.30822
1869,0.976004
1870,0.955867
1871,-0.389687
1872,0.946625
1873,-0.422669
1874,3.50828
1875,0.595675
1876,5.10296
1877,8.54128
1878,-2.34439
1879,0.16685
1880,0.362416
1881,1.90171
1882,-0.25938
1883,-1.02243
1884,1.17722
1885,-0.119627
1886,-0.712908
1887,0.354433
1888,-1.34671
1889,-0.228026
1890,5.07588
1891,1.67302
1892,-0.022997
1893,0.848244
1894,-0.0658777
1895,-1.3164
1896,0.511797
1897,-1.55932
1898,-0.725236
1899,-0.321889
1900,-1.55879
1901,-0.147656
1902,-0.223112
1903,0.226337
1904,1.33933
1905,7.53318
1906,3.59919
1907,-1.64442
1908,2.35838
1909,4.45476
1910,-0.627845
1911,-1.64913
1912,0.654288
1913,0.0644115
1914,-0.2567
1915,4.08131
1916,-0.276941
1917,2.53716
1918,-2.37289
1919,1.2524
1920,-0.927764
1921,1.30016
1922,-0.54965
1923,1.47028
1924,-0.769255
1925,0.658906
1926,1.6511
1927,4.75998
1928,-1.53985
1929,1.35536
1930,1.35256
1931,1.33977
1932,-1.77984
1933,3.44731
1934,1.95743
1935,0.296076
1936,1.46436
1937,1.41508
1938,-2.00829
1939,-1.01632
1940,0.602593
1941,-0.383414
1942,3.65302
1943,0.0905309
1944,1.1727
1945,0.452773
1946,-0.599294
1947,3.37842
1948,0.689353
1949,0.817385
1950,-1.64195
1951,5.32714
1952,-0.409565
1953,-1.23008
1954,1.65946
1955,-2.22957
1956,2.07811
1957,-0.510873
1958,-0.625781
1959,-0.590268
1960,0.531453
1961,-1.53492
1962,-1.0926
1963,0.579285
1964,-1.53635
1965,-0.635572
1966,-1.79127
1967,-1.79192
1968,0.33998
1969,0.101667
1970,0.970089
1971,2.60225
1972,1.2132
1973,-0.178226
1974,-1.21209
1975,1.35815
1976,-2.03773
1977,-1.13522
1978,-1.06305
1979,2.62285
1980,1.46139
1981,0.121434
1982,-2.33729
1983,-0.741046
1984,2.18668
1985,-0.775176
1986,-0.854292
1987,0.375185
1988,-1.78006
1989,0.152283
1990,1.77059
1991,-0.908859
1992,-1.70011
1993,-1.98757
1994,-1.62903
1995,2.67231
1996,-1.99974
1997,-0.896399
1998,-2.06993
1999,-1.06606
2000,-0.463793
2001,3.04114
2002,0.929636
2003,-0.679876
2004,0.68573
2005,-1.33055
2006,-0.0372428
2007,-0.270011
2008,-1.50616
2009,-0.0867132
2010,0.357599
2011,1.83114
2012,8.50345
2013,0.126477
2014,0.0673199
2015,0.675702
2016,-1.83257
2017,-0.75832
2018,-1.01928
2019,2.0203
2020,1.07761
2021,1.659
2022,0.316418
2023,0.463734
2024,-1.91808
2025,0.076922
2026,-0.980765
2027,2.70143
2028,-1.27608
2029,-0.0494302
2030,-1.99164
2031,0.211901
2032,-2.42615
2033,-0.488565
2034,1.89494
2035,3.89515
2036,1.06485
2037,0.014703
2038,0.572039
2039,-0.803819
2040,3.41254
2041,-0.670407
2042,-2.70544
2043,0.816839
2044,-0.492911
2045,-2.74577
2046,-2.33189
2047,-0.840359
2048,-0.900916
2049,1.55615
2050,-1.04872
2051,1.27642
2052,-1.79663
2053,-1.43819
2054,-0.787116
2055,-0.188175
2056,1.18842
2057,6.54786
2058,1.239
2059,-2.23714
2060,6.7569
2061,-0.960126
2062,-1.13309
2063,1.06083
2064,-1.15257
2065,2.71673
2066,1.73697
2067,2.1234
2068,-1.8009
2069,-0.790907
2070,5.63286
2071,-0.689915
2072,-1.40384
2073,1.08483
2074,0.787661
2075,-1.67916
2076,2.03277
2077,2.05861
2078,2.58729
2079,-2.11961
2080,1.67385
2081,4.05058
2082,-2.40189
2083,-1.73804
2084,-0.251949
2085,-0.10429
2086,0.622755
2087,0.0231228
2088,1.06342
2089,1.91759
2090,2.44019
2091,-0.486073
2092,-0.856911
2093,0.611577
2094,1.56791
2095,-1.69113
2096,-1.22124
2097,-0.0445601
2098,1.36848
2099,2.54189
2100,1.50303
2101,0.162069
2102,-1.74237
2103,-1.27163
2104,-0.202664
2105,3.14108
2106,0.615
2107,1.19414
2108,1.02125
2109,-0.470197
2110,1.80829
2111,-1.02051
2112,-2.27509
2113,-0.728136
2114,-1.03945
2115,-1.95422
2116,6.18815
2117,-0.0512504
2118,0.844288
2119,-0.412785
2120,-1.56377
2121,-0.288722
2122,-2.22502
2123,1.37918
2124,4.61568
2125,-1.55308
2126,-1.25348
2127,0.324966
2128,-0.816846
2129,4.60695
2130,1.87965
2131,0.660979
2132,1.06368
2133,4.01771
2134,2.30796
2135,-0.368599
2136,1.34967
2137,-0.49358
2138,0.11452
2139,-1.47366
2140,0.779437
2141,-1.16904
2142,3.24585
2143,-0.0811613
2144,-0.514333
2145,-2.42421
2146,-1.14966
2147,-1.8985
2148,-0.476714
2149,-0.478879
2150,7.8627
2151,-0.513505
2152,-0.585618
2153,-1.91468
2154,-1.21594
2155,-1.02264
2156,1.56202
2157,-1.08034
2158,-0.370865
2159,1.72524
2160,-0.964886
2161,0.0637761
2162,3.51815
2163,-0.203416
2164,2.89864
2165,0.779727
2166,-0.629945
2167,0.496733
2168,-0.912756
2169,1.71181
2170,-1.89146
2171,-0.615499
2172,1.8898
2173,6.13834
2174,1.88423
2175,-0.375498
2176,-0.306901
2177,-1.67741
2178,7.96493
2179,-1.16913
2180,-0.878309
2181,0.169307
2182,-1.22095
2183,-1.35114
2184,-0.0343217
2185,-1.12149
2186,-1.06386
2187,0.193111
2188,0.69
2189,-1.44795
2190,-0.351766
2191,-0.522396
2192,1.74466
2193,-0.184453
2194,6.25083
2195,0.182865
2196,0.507721
2197,-2.74937
2198,-1.61028
2199,1.05093
2200,-0.659016
2201,-1.07204
2202,3.59448
2203,-0.80245
2204,0.356585
2205,0.830462
2206,0.304933
2207,-0.707238
2208,-1.31999
2209,0.290522
2210,-0.662148
2211,-2.37915
2212,1.07314
2213,0.134428
2214,1.43016
2215,-1.02265
2216,-0.0235238
2217,3.97166
2218,15.2798
2219,10.2132
2220,-0.844694
2221,0.736795
2222,-0.114361
2223,0.908682
2224,7.04023
2225,-0.673378
2226,-0.876803
2227,-2.01845
2228,-0.182252
2229,0.6928
2230,1.16565
2231,-1.10883
2232,1.97809
2233,-0.383309
2234,-0.454575
2235,-1.83957
2236,1.61116
2237,1.17662
2238,-0.174775
2239,-0.10322
2240,-0.630845
2241,-1.60657
2242,4.48619
2243,-1.18847
2244,-0.72927
2245,11.0973
2246,-0.699087
2247,-1.66372
2248,0.417783
2249,-0.462722
2250,0.628954
2251,0.804661
2252,-0.390491
2253,-1.03633
2254,0.447795
2255,0.507309
2256,12.4943
2257,1.33534
2258,-0.212375
2259,-1.74024
2260,0.0160856
2261,5.78197
2262,0.539955
2263,-2.84086
2264,0.947595
2265,0.119354
2266,-0.603829
2267,0.587625
2268,2.48501
2269,-0.822268
2270,0.0683382
2271,3.44755
2272,3.27997
2273,1.80794
2274,-2.32094
2275,-0.331812
2276,0.0019703
2277,-0.418967
2278,5.12699
2279,-2.2986
2280,-1.1218
2281,-0.123439
2282,-0.27579
2283,-1.45395
2284,-1.05848
2285,1.26219
2286,0.338953
2287,-1.91636
2288,-1.31602
2289,0.200616
2290,1.57916
2291,1.57966
2292,-0.211636
2293,-1.86623
2294,-0.978506
2295,5.38519
2296,0.647969
2297,6.4584
2298,7.26125
2299,1.50317
2300,-0.771148
2301,0.797995
2302,0.94992
2303,0.173229
2304,-1.93534
2305,-0.905667
2306,-0.316094
2307,1.67527
2308,-1.85148
2309,-2.1891
2310,-0.121454
2311,-2.2032
2312,0.652508
2313,0.832031
2314,2.95255
2315,-1.21518
2316,0.97678
2317,1.40799
2318,0.822281
2319,1.27766
2320,0.957043
2321,2.5651
2322,5.05336
2323,1.7485
2324,-0.420819
2325,-0.442899
2326,-1.10854
2327,2.97831
2328,-0.968793
2329,-0.782707
2330,0.750302
2331,-0.558407
2332,1.30422
2333,-0.131075
2334,-0.807715
2335,-0.501345
2336,-0.154792
2337,0.358449
2338,-1.37009
2339,-0.0689235
2340,0.577858
2341,-1.34589
2342,5.47887
2343,0.537811
2344,-0.102581
2345,1.09892
2346,-2.79031
2347,1.49151
2348,-1.5279
2349,0.902486
2350,-1.42213
2351,-0.715192
2352,-0.538676
2353,-1.34506
2354,-0.227215
2355,2.67476
2356,-1.55641
2357,-0.0742555
2358,0.207128
2359,-0.837515
2360,-1.98891
2361,-2.02632
2362,0.314564
2363,-1.04688
2364,1.84176
2365,0.577877
2366,-0.343137
2367,-2.05744
2368,-0.625384
2369,0.034748
2370,-1.05522
2371,-2.42403
2372,-0.868883
2373,1.40641
2374,-0.671657
2375,0.35729
2376,3.5386
2377,0.466931
2378,0.810355
2379,0.133323
2380,0.454518
2381,-1.26899
2382,3.58188
2383,0.0836745
2384,-1.45711
2385,-1.3157
2386,6.50136
2387,0.0377013
2388,-0.776886
2389,1.22583
2390,-0.784848
2391,-1.06104
2392,0.0943939
2393,-0.995674
2394,-2.3058
2395,-0.611578
2396,-1.97628
2397,0.368694
2398,-0.182918
2399,0.589006
2400,-0.759744
2401,-0.418695
2402,-0.800368
2403,1.18091
2404,-1.43972
2405,3.99845
2406,1.15043
2407,-0.767683
2408,-0.992461
2409,-0.265063
2410,-2.00714
2411,-0.81462
2412,1.40871
2413,-0.744715
2414,-1.24625
2415,2.38931
2416,0.18444
2417,1.12853
2418,-0.641702
2419,-0.182101
2420,-0.874567
2421,0.588149
2422,-1.45085
2423,-0.810643
2424,1.1661
2425,-0.743738
2426,-0.909787
2427,0.037724
2428,0.878579
2429,-0.816821
2430,-0.462257
2431,-0.682838
2432,2.06732
2433,-1.81699
2434,-0.118803
2435,0.172271
2436,0.955714
2437,-1.27585
2438,-0.0425697
2439,-1.66202
2440,-0.797476
2441,2.08576
2442,0.284527
2443,0.182624
2444,-0.42639
2445,-0.210958
2446,0.526881
2447,-0.162834
2448,2.4282
2449,-1.76032
2450,-1.66651
2451,-0.87666
2452,-0.156533
2453,1.18406
2454,0.991933
2455,6.04348
2456,1.16275
2457,2.39176
2458,3.50271
2459,0.0424322
2460,-1.97233
2461,0.408529
2462,8.83572
2463,3.65128
2464,-0.673588
2465,-1.76323
2466,3.96558
2467,4.22279
2468,-1.0702
2469,-0.527948
2470,0.340084
2471,1.4961
2472,3.07471
2473,0.0286776
2474,1.02297
2475,-1.26002
2476,-0.553818
2477,-0.348897
2478,-0.00693027
2479,-0.45347
2480,-2.78407
2481,2.87295
2482,1.8841
2483,-0.972334
2484,-0.248939
2485,-0.54567
2486,-1.24799
2487,-1.85128
2488,-1.11848
2489,3.53359
2490,3.61639
2491,-1.17745
2492,-0.938316
2493,-0.808055
2494,1.72173
2495,-0.803173
2496,-0.734265
2497,7.83768
2498,1.48306
2499,-0.581993
2500,0.176314
2501,2.31707
2502,0.807896
2503,-1.25774
2504,1.40019
2505,-0.0694063
2506,3.19615
2507,1.64848
2508,-0.397507
2509,0.881681
2510,-1.1319
2511,-0.996357
2512,3.06814
2513,-0.521633
2514,-0.273645
2515,-0.797201
2516,-1.44121
2517,-1.6583
2518,-1.07123
2519,0.0162732
2520,-1.80623
2521,0.23342
2522,-1.61738
2523,-1.30635
2524,-0.0986081
2525,-0.18247
2526,-0.363384
2527,1.24888
2528,0.33912
2529,1.70744
2530,3.86539
2531,-1.23747
2532,1.80569
2533,0.222865
2534,3.96482
2535,-0.898448
2536,-0.0225643
2537,0.0398367
2538,2.5178
2539,-1.44184
2540,-1.35673
2541,0.542538
2542,-1.53301
2543,3.87562
2544,1.43671
2545,-0.441524
2546,-2.20992
2547,0.143937
2548,1.44018
2549,-0.249119
2550,0.117112
2551,-0.50494
2552,0.458005
2553,0.982484
2554,-0.751978
2555,-1.64271
2556,-1.14141
2557,-0.558622
2558,-0.632077
2559,-2.71539
2560,-0.0222942
2561,1.2077
2562,-0.0516999
2563,-0.835142
2564,1.42023
2565,-0.521933
2566,-0.947747
2567,-0.0411337
2568,3.59478
2569,2.80281
2570,-0.676484
2571,0.183715
2572,1.62255
2573,0.414446
2574,-1.77483
2575,-0.993473
2576,-1.0658
2577,-1.5814
2578,0.198064
2579,-1.93948
2580,-1.43646
2581,1.17908
2582,-0.0435829
2583,0.544646
2584,0.138092
2585,1.42094
2586,-0.523215
2587,-1.35707
2588,-0.382808
2589,2.64143
2590,2.74097
2591,-0.782907
2592,0.237819
2593,-0.652458
2594,-0.786134
2595,1.34105
2596,1.06619
2597,-0.496772
2598,-1.3302
2599,1.57354
2600,0.291187
2601,-0.851893
2602,-1.92224
2603,1.14774
2604,-0.623326
2605,6.00191
2606,0.242142
2607,4.69679
2608,-1.93625
2609,2.19773
2610,-1.38883
2611,0.327137
2612,-1.48563
2613,1.23471
2614,0.671377
2615,-0.724469
2616,-0.358337
2617,-1.5043
2618,17.1934
2619,-1.6037
2620,3.20442
2621,-0.629516
2622,-0.867052
2623,-2.07191
2624,0.446031
2625,2.43231
2626,-1.71915
2627,-0.912143
2628,0.635926
2629,1.58454
2630,2.04333
2631,1.15002
2632,-0.571624
2633,0.371014
2634,-0.507828
2635,0.0866779
2636,-0.673817
2637,-0.464275
2638,-1.2058
2639,1.22442
2640,4.67687
2641,-1.11241
2642,5.60217
2643,-1.01714
2644,-1.95859
2645,-0.743093
2646,-1.11423
2647,2.85761
2648,5.50448
2649,0.538196
2650,-1.26104
2651,0.270579
2652,-0.226536
2653,-1.02241
2654,0.254258
2655,-0.695328
2656,2.06396
2657,1.79225
2658,0.447133
2659,15.168
2660,0.998937
2661,-1.47371
2662,-1.18651
2663,-0.411423
2664,-0.480713
2665,0.379278
2666,-0.0905439
2667,0.103534
2668,-0.0616444
2669,-0.662335
2670,-0.391404
2671,-0.264904
2672,-0.689052
2673,1.09251
2674,1.82196
2675,-0.744984
2676,-1.10258
2677,15.2421
2678,-0.351126
2679,8.51372
2680,-1.21255
2681,-0.396592
2682,-0.00786822
2683,-0.695054
2684,3.87802
2685,0.984764
2686,-0.294634
2687,0.0433249
2688,-0.632599
2689,0.130568
2690,2.70888
2691,-0.212874
2692,-0.681951
2693,-1.59111
2694,-0.840477
2695,-1.50502
2696,-1.42902
2697,-1.15308
2698,-1.18134
2699,-2.82744
2700,-0.607434
2701,1.66383
2702,2.12238
2703,0.324366
2704,1.84776
2705,-0.850152
2706,-0.164317
2707,0.471475
2708,-0.883582
2709,3.65759
2710,-0.0503545
2711,-1.01652
2712,-1.05628
2713,0.475329
2714,1.05865
2715,0.73358
2716,3.76076
2717,-0.131803
2718,1.02876
2719,3.43166
2720,0.407129
2721,-0.073107
2722,-0.278435
2723,0.928795
2724,-1.46571
2725,4.01961
2726,-0.634791
2727,10.5645
2728,2.20089
2729,-0.6762
2730,-1.13275
2731,0.0683997
2732,-0.732268
2733,0.319278
2734,-0.0217088
2735,-0.854271
2736,0.294542
2737,-1.00584
2738,4.34626
2739,1.01881
2740,-0.200061
2741,0.565943
2742,-1.31018
2743,0.265047
2744,-2.26318
2745,-1.43098
2746,2.38225
2747,-2.34404
2748,2.73887
2749,0.192773
2750,2.3092
2751,0.98458
2752,-1.18704
2753,4.084
2754,-1.07103
2755,1.14937
2756,-1.29287
2757,6.32753
2758,-1.11066
2759,-0.67528
2760,2.15434
2761,0.19886
2762,7.46314
2763,0.141185
2764,1.14787
2765,-2.75392
2766,1.69548
2767,-1.25793
2768,-1.52614
2769,-0.105349
2770,0.105243
2771,1.45909
2772,5.43997
2773,1.8045
2774,-0.535624
2775,-0.761939
2776,0.359114
2777,1.02433
2778,5.85862
2779,-0.854915
2780,0.291325
2781,0.368083
2782,0.855046
2783,-0.967682
2784,-0.763529
2785,-0.741574
2786,3.53777
2787,0.331037
2788,-1.28703
2789,-0.877742
2790,0.0510377
2791,-1.48797
2792,0.0163404
2793,-0.106317
2794,-0.354614
2795,0.0109389
2796,0.125065
2797,-0.988915
2798,-0.593048
2799,-1.25299
2800,-1.03771
2801,1.14619
2802,1.66553
2803,-2.7967
2804,-0.598365
2805,-1.43913
2806,4.27571
2807,-1.48044
2808,3.35936
2809,8.39489
2810,1.28761
2811,-0.806777
2812,-0.325691
2813,0.212797
2814,-0.258508
2815,-0.170234
2816,-1.33069
2817,-0.60568
2818,-1.23266
2819,0.365664
2820,1.33204
2821,0.727483
2822,-1.58358
2823,0.161737
2824,-0.785459
2825,2.5378
2826,-0.427632
2827,0.640834
2828,-0.449916
2829,-1.24125
2830,-0.13594
2831,0.280322
2832,-0.777732
2833,7.37839
2834,0.131091
2835,-0.987314
2836,5.21419
2837,0.825121
2838,-2.55858
2839,7.05593
2840,0.618096
2841,3.82783
2842,-0.964097
2843,-1.16967
2844,2.89173
2845,-1.17008
2846,-0.301025
2847,1.22412
2848,1.56228
2849,-1.28938
2850,3.37032
2851,2.41515
2852,8.50349
2853,1.73825
2854,-0.512596
2855,-1.38748
2856,-0.764375
2857,-0.598372
2858,5.00585
2859,-0.49965
2860,-1.74252
2861,0.14271
2862,1.39572
2863,0.159768
2864,10.1148
2865,3.98024
2866,-0.196692
2867,0.405838
2868,2.70937
2869,-0.925926
2870,-0.348038
2871,-0.493329
2872,0.21913
2873,0.155769
2874,1.54423
2875,0.674534
2876,-0.809936
2877,-0.605919
2878,-0.00160796
2879,8.34133
2880,-0.63815
2881,5.68031
2882,-0.66291
2883,0.849182
2884,3.63683
2885,-0.31131
2886,3.29619
2887,4.01733
2888,0.473117
2889,-1.00731
2890,0.975432
2891,2.90521
2892,-0.602979
2893,1.91375
2894,-1.17185
2895,1.03519
2896,-0.87453
2897,-0.17746
2898,-0.453171
2899,2.51509
2900,17.6284
2901,0.132909
2902,4.12354
2903,-0.684506
2904,-0.194917
2905,-1.10362
2906,-0.890675
2907,-1.40459
2908,-0.416219
2909,-0.493951
2910,-1.01345
2911,-0.331518
2912,3.61466
2913,-0.362068
2914,-2.13668
2915,-1.44476
2916,-0.343207
2917,0.204826
2918,3.59879
2919,12.399
2920,7.67072
2921,-0.112797
2922,1.05167
2923,1.23059
2924,3.36967
2925,1.4544
2926,1.24694
2927,-0.735439
2928,0.520361
2929,0.282898
2930,4.66797
2931,-1.90631
2932,-0.404307
2933,3.41431
2934,4.84049
2935,-3.0286
2936,-0.876105
2937,-1.49049
2938,-0.824569
2939,-0.143826
2940,-3.20387
2941,-0.592725
2942,1.93568
2943,0.199528
2944,-0.747406
2945,0.13152
2946,-1.64325
2947,0.853468
2948,-0.451651
2949,2.90707
2950,0.386672
2951,6.65657
2952,1.41795
2953,-0.624559
2954,0.438043
2955,1.70308
2956,-0.591335
2957,-1.44723
2958,-0.642293
2959,0.834299
2960,0.761886
2961,0.398206
2962,-1.41627
2963,-1.61149
2964,-1.16817
2965,-0.949033
2966,-0.761549
2967,2.12342
2968,-0.642632
2969,0.387696
2970,5.47744
2971,-0.686884
2972,-0.857098
2973,3.43969
2974,1.47418
2975,9.43299
2976,-0.175998
2977,1.16142
2978,-1.18645
2979,1.84456
2980,-0.848095
2981,2.23037
2982,4.5758
2983,-0.663328
2984,3.42234
2985,-1.68932
2986,1.51393
2987,0.517167
2988,2.27192
2989,1.40818
2990,7.60875
2991,2.50568
2992,-0.127317
2993,-1.36736
2994,-0.805419
2995,-1.58867
2996,-0.362002
2997,3.59885
2998,-0.544105
2999,-2.61872
3000,2.64894
3001,-1.4929
3002,1.50806
3003,-0.85835
3004,-0.276143
3005,2.46293
3006,0.172557
3007,-0.169653
3008,-1.28629
3009,-0.648411
3010,3.34692
3011,1.73158
3012,0.513962
3013,5.53677
3014,-1.07789
3015,-0.615794
3016,0.246973
3017,1.12983
3018,0.499093
3019,0.215201
3020,0.138553
3021,6.66166
3022,-0.953529
3023,1.34859
3024,2.07026
3025,0.323015
3026,1.98937
3027,0.144062
3028,2.10407
3029,-0.373086
3030,-1.33761
3031,-1.30669
3032,2.66105
3033,-2.56336
3034,-0.583239
3035,-0.539206
3036,1.97384
3037,2.01659
3038,-1.24734
3039,5.01752
3040,-0.612953
3041,1.3166
3042,-1.79506
3043,-0.0101079
3044,0.243904
3045,-2.53692
3046,0.277845
3047,24.6775
3048,-0.87609
3049,-0.0322974
3050,1.64514
3051,-0.583822
3052,-0.57858
3053,0.586045
3054,-0.374107
3055,0.573821
3056,-1.58357
3057,6.19107
3058,-1.1862
3059,-0.939351
3060,-0.017475
3061,-0.551807
3062,-0.658539
3063,0.820948
3064,-1.34987
3065,2.15496
3066,0.955981
3067,1.92194
3068,-0.0615875
3069,-1.13095
3070,0.310202
3071,0.374076
3072,0.291348
3073,-1.01663
3074,-0.16103
3075,-0.347251
3076,-1.74421
3077,4.65415
3078,-1.40006
3079,-0.335645
3080,1.54816
3081,0.298071
3082,1.61068
3083,3.9505
3084,-1.56092
3085,0.55455
3086,4.95475
3087,2.69394
3088,2.87276
3089,-0.923425
3090,0.336428
3091,-1.55051
3092,-0.278879
3093,-1.94275
3094,-0.564113
3095,1.40729
3096,-0.812482
3097,-0.825137
3098,-0.351422
3099,0.426925
3100,-1.50733
3101,-0.54122
3102,-1.38645
3103,-1.23029
3104,0.51618
3105,-0.412135
3106,-0.527326
3107,1.83722
3108,0.635142
3109,0.0676072
3110,-0.984926
3111,2.16089
3112,-0.375415
3113,2.6279
3114,-1.22751
3115,1.38735
3116,-0.748408
3117,-0.528496
3118,-1.91519
3119,-0.422386
3120,2.13883
3121,-0.374246
3122,1.61484
3123,0.186377
3124,1.59605
3125,0.85384
3126,0.216328
3127,2.07457
3128,0.523777
3129,2.46739
3130,-1.05761
3131,0.327756
3132,-0.100828
3133,-0.138876
3134,0.337729
3135,1.79668
3136,14.4857
3137,-1.15577
3138,0.25312
3139,-0.44337
3140,0.451479
3141,1.22653
3142,-0.323642
3143,-1.81847
3144,2.55837
3145,-0.804362
3146,0.644625
3147,-1.7156
3148,-3.11774
3149,-1.62542
3150,0.453871
3151,-1.76583
3152,1.55982
3153,-1.48308
3154,1.34902
3155,-0.610274
3156,2.16903
3157,0.6285
3158,-0.960961
3159,-0.0544363
3160,-0.16882
3161,-0.240107
3162,-1.78065
3163,1.10781
3164,2.92854
3165,0.13898
3166,1.57384
3167,-1.65317
3168,0.58126
3169,3.18254
3170,6.16029
3171,0.966159
3172,-0.229799
3173,-0.695379
3174,0.914173
3175,2.09161
3176,-1.24539
3177,2.94898
3178,0.414324
3179,-0.516012
3180,1.16066
3181,-1.74274
3182,-1.37154
3183,4.21173
3184,-0.408023
3185,0.744404
3186,-2.06895
3187,4.89062
3188,-1.44817
3189,7.96991
3190,-0.993867
3191,-0.570054
3192,-0.083967
3193,-0.206968
3194,3.7677
3195,1.97741
3196,-1.5632
3197,2.94924
3198,-0.718553
3199,0.166423
3200,-0.371833
3201,-0.523232
3202,-1.09342
3203,-0.306609
3204,7.92333
3205,-2.1996
3206,0.93649
3207,-0.641207
3208,-1.0417
3209,1.58293
3210,5.58912
3211,0.222927
3212,0.271162
3213,1.02947
3214,-0.463217
3215,-0.957403
3216,-1.57192
3217,-1.14949
3218,0.0480168
3219,-0.113613
3220,-2.80609
3221,-1.11097
3222,-0.536923
3223,-1.65209
3224,-1.23959
3225,3.01007
3226,0.124731
3227,1.24544
3228,6.53808
3229,2.35278
3230,1.19398
3231,3.81634
3232,-1.42104
3233,0.175719
3234,-0.364797
3235,-0.430461
3236,2.90668
3237,0.556387
3238,-0.047909
3239,-2.81062
3240,0.288639
3241,-0.452539
3242,0.248107
3243,-1.70868
3244,2.80333
3245,-0.157185
3246,-1.94928
3247,3.22933
3248,3.13517
3249,1.58908
3250,-0.381992
3251,6.9465
3252,-1.85063
3253,-1.44947
3254,0.95107
3255,-0.654528
3256,-1.46936
3257,-0.140533
3258,-1.48483
3259,-0.971097
3260,0.687478
3261,3.01292
3262,-0.652394
3263,2.2031
3264,-1.54068
3265,-0.485739
3266,-0.122846
3267,2.72191
3268,4.83384
3269,-0.41578
3270,3.10742
3271,-1.43748
3272,-0.535474
3273,-0.698763
3274,2.17161
3275,3.52041
3276,2.61031
3277,-1.09326
3278,5.34015
3279,-0.280009
3280,0.838411
3281,-0.515339
3282,-1.25681
3283,-2.5773
3284,0.0372326
3285,-1.27155
3286,1.27183
3287,1.5903
3288,-2.38253
3289,-0.0874292
3290,11.1813
3291,0.698965
3292,0.0171587
3293,1.86054
3294,0.679107
3295,-0.0987291
3296,-1.79206
3297,0.285775
3298,-0.918471
3299,6.56152
3300,-1.34848
3301,-1.40738
3302,0.0562571
3303,0.462216
3304,2.63685
3305,1.11097
3306,-0.689688
3307,-1.01071
3308,-0.705102
3309,2.08834
3310,-0.730463
3311,-1.07713
3312,-1.47163
3313,0.899259
3314,-2.33246
3315,-1.16386
3316,0.303416
3317,-1.06132
3318,-0.301857
3319,-0.705253
3320,-1.77245
3321,4.32925
3322,-0.147684
3323,7.95691
3324,-0.811006
3325,-0.530465
3326,-1.32883
3327,-0.549577
3328,0.320624
3329,5.1995
3330,-2.809
3331,0.0253248
3332,1.22296
3333,0.476926
3334,1.25701
3335,-1.19169
3336,-0.378475
3337,4.61334
3338,1.19704
3339,-1.56124
3340,7.01604
3341,1.84903
3342,-3.03349
3343,0.823911
3344,1.44588
3345,1.08493
3346,-0.0793359
3347,2.12176
3348,-0.934618
3349,-0.131194
3350,4.7361
3351,-1.31349
3352,-2.28544
3353,-0.760514
3354,1.0063
3355,3.17665
3356,-1.22659
3357,-1.08204
3358,-0.173327
3359,0.17243
3360,1.48026
3361,-0.955733
3362,-0.846251
3363,0.00473946
3364,-0.458323
3365,0.243823
3366,3.38457
3367,-0.792443
3368,-0.278891
3369,8.88068
3370,-0.253384
3371,0.19583
3372,-0.23297
3373,5.87277
3374,0.958382
3375,2.33151
3376,-1.94698
3377,1.48974
3378,-0.160619
3379,-1.50367
3380,-1.2945
3381,-0.977188
3382,0.700463
3383,-0.185958
3384,-2.29262
3385,2.54648
3386,-0.148387
3387,4.46498
3388,0.667838
3389,-0.830305
3390,2.6937
3391,-0.501239
3392,2.14592
3393,0.472406
3394,8.46033
3395,-0.707503
3396,4.80442
3397,9.37031
3398,-0.315247
3399,0.330515
3400,-0.826839
3401,-0.0629016
3402,0.49581
3403,-0.217728
3404,-2.93279
3405,-0.486985
3406,-1.1431
3407,0.14101
3408,-0.0666948
3409,0.460261
3410,1.91447
3411,7.71129
3412,0.29965
3413,3.63705
3414,3.11263
3415,-1.08705
3416,1.7044
3417,0.809318
3418,-0.487705
3419,-0.501036
3420,0.0631593
3421,-0.219295
3422,4.22342
3423,2.07778
3424,0.807868
3425,-0.999035
3426,-0.833031
3427,-0.85477
3428,1.57876
3429,0.619137
3430,-0.716218
3431,0.581611
3432,0.380199
3433,-1.50711
3434,-0.172983
3435,2.38035
3436,-0.602695
3437,-2.31886
3438,-1.31864
3439,2.43713
3440,-0.465243
3441,1.65722
3442,8.03345
3443,1.2251
3444,-0.478581
3445,1.22053
3446,1.96493
3447,-0.66547
3448,-1.09462
3449,-0.642467
3450,0.395602
3451,0.344042
3452,-0.530955
3453,0.314088
3454,4.27195
3455,0.0964459
3456,1.91656
3457,-0.44473
3458,0.344149
3459,-2.1138
3460,1.86096
3461,0.794474
3462,-0.579167
3463,1.621
3464,3.93688
3465,0.115103
3466,12.7888
3467,3.17247
3468,-1.23726
3469,2.3147
3470,1.40985
3471,1.13203
3472,-1.99823
3473,-0.686128
3474,-0.299919
3475,0.357364
3476,-1.27959
3477,4.61513
3478,7.63687
3479,1.61157
3480,0.574562
3481,-0.840829
3482,-1.33317
3483,4.32993
3484,3.42489
3485,0.388579
3486,3.05273
3487,0.898064
3488,0.564928
3489,0.418259
3490,4.82488
3491,-1.63905
3492,0.802336
3493,3.48804
3494,-0.631403
3495,-1.37384
3496,0.736643
3497,2.5468
3498,0.219191
3499,-2.1973
3500,-0.324076
3501,1.18958
3502,-1.69484
3503,0.459405
3504,3.20329
3505,-0.663449
3506,0.0469646
3507,-0.859072
3508,0.0175227
3509,1.26099
3510,-1.90487
3511,-1.42849
3512,-0.0291899
3513,2.01589
3514,-1.37096
3515,-1.34727
3516,-0.470994
3517,7.71202
3518,0.235345
3519,2.42706
3520,-2.30222
3521,0.79057
3522,4.94573
3523,-0.641031
3524,-0.756339
3525,-1.18233
3526,0.199411
3527,4.11534
3528,-0.668244
3529,3.67264
3530,0.104398
3531,6.47611
3532,1.72946
3533,1.01101
3534,0.139796
3535,-1.85683
3536,7.37583
3537,-0.0235086
3538,-0.767391
3539,2.472
3540,1.03204
3541,-0.519434
3542,-0.939103
3543,-1.1918
3544,1.535
3545,3.16752
3546,-0.592032
3547,0.668841
3548,-0.606465
3549,1.37915
3550,0.426566
3551,0.347323
3552,-1.20608
3553,-1.69924
3554,-0.413196
3555,3.61611
3556,-1.26291
3557,-0.746331
3558,1.46979
3559,1.41231
3560,-1.91005
3561,8.10577
3562,0.728583
3563,-0.633179
3564,0.503451
3565,3.99826
3566,1.71839
3567,-1.24782
3568,0.415031
3569,0.0646545
3570,1.45611
3571,-0.441988
3572,2.3921
3573,-0.989527
3574,-0.624081
3575,3.59828
3576,0.0623576
3577,-1.77651
3578,-0.394566
3579,-1.57213
3580,8.82331
3581,-0.981405
3582,0.0655277
3583,1.97615
3584,6.64507
3585,-0.155108
3586,0.620242
3587,0.501453
3588,1.60097
3589,0.789986
3590,1.8966
3591,0.0939324
3592,-0.75461
3593,-0.115573
3594,3.98873
3595,3.96485
3596,-0.0506228
3597,-0.389881
3598,0.400804
3599,-1.14809
3600,-0.24311
3601,2.34442
3602,-0.157958
3603,4.20174
3604,4.03864
3605,-1.07617
3606,-0.788312
3607,0.951693
3608,-0.673489
3609,-1.0535
3610,3.50166
3611,-0.768764
3612,-0.501582
3613,-1.19069
3614,-1.08095
3615,-2.48212
3616,0.152254
3617,3.53058
3618,-1.16838
3619,0.232475
3620,-0.843339
3621,-0.731467
3622,-0.103455
3623,0.298135
3624,1.30046
3625,0.71524
3626,13.2384
3627,-0.629888
3628,5.0435
3629,2.92815
3630,0.453542
3631,3.55396
3632,2.31744
3633,-0.796122
3634,1.60567
3635,0.566458
3636,0.556098
3637,0.19199
3638,0.0679706
3639,1.95702
3640,0.385701
3641,2.44407
3642,7.89442
3643,1.09353
3644,10.298
3645,1.03701
3646,0.976222
3647,-1.69069
3648,-0.433803
3649,-1.84052
3650,-0.60026
3651,0.985555
3652,0.815224
3653,8.83584
3654,7.02926
3655,0.772489
3656,-0.342362
3657,1.4843
3658,-0.906442
3659,1.9095
3660,-1.12628
3661,0.903095
3662,-0.856005
3663,-1.22785
3664,-0.494204
3665,0.0342594
3666,2.85876
3667,-1.45762
3668,1.51978
3669,-0.720372
3670,4.89026
3671,-0.439162
3672,1.07492
3673,1.04193
3674,0.28196
3675,-1.87581
3676,-1.46227
3677,0.0521201
3678,5.16226
3679,-2.04416
3680,-2.16062
3681,0.358422
3682,-1.26953
3683,0.934001
3684,0.204061
3685,-1.94926
3686,-2.64542
3687,-0.393558
3688,-1.09077
3689,-1.32635
3690,6.1747
3691,2.17191
3692,0.647048
3693,0.676798
3694,2.85434
3695,2.58719
3696,-1.00134
3697,0.594275
3698,4.1065
3699,-0.964134
3700,2.08735
3701,0.408357
3702,5.48524
3703,0.0860679
3704,-1.25615
3705,-1.15353
3706,0.120102
3707,-0.252498
3708,1.65265
3709,-0.347076
3710,0.60253
3711,-1.74988
3712,-1.22493
3713,-1.02488
3714,0.608001
3715,-0.0648096
3716,-2.7791
3717,-0.72873
3718,0.992
3719,1.60267
3720,-0.959197
3721,-1.16001
3722,-0.0220068
3723,1.00756
3724,1.54608
3725,-2.05122
3726,2.22011
3727,-1.02917
3728,0.569662
3729,-0.72994
3730,-0.0891185
3731,-0.302719
3732,-0.669981
3733,1.78661
3734,-0.647933
3735,-0.610455
3736,4.29431
3737,0.473378
3738,1.0116
3739,6.51985
3740,0.567762
3741,1.87064
3742,1.26407
3743,0.130374
3744,0.15596
3745,0.603569
3746,-1.88241
3747,-0.609786
3748,-0.780982
3749,8.55376
3750,-1.89662
3751,3.34309
3752,-0.0341402
3753,-1.03809
3754,1.71054
3755,0.767962
3756,-1.76846
3757,0.281446
3758,-1.67882
3759,2.07844
3760,0.59722
3761,0.0802082
3762,3.04231
3763,2.01329
3764,-0.699783
3765,-1.04502
3766,-0.754395
3767,2.91967
3768,-1.01949
3769,-0.428778
3770,-0.306231
3771,-1.25876
3772,0.74374
3773,-0.501369
3774,-0.0436869
3775,-0.883053
3776,0.262327
3777,-1.86478
3778,0.0861635
3779,-0.624457
3780,8.29223
3781,-1.66449
3782,1.78106
3783,-0.360292
3784,-1.06767
3785,-2.1618
3786,1.11462
3787,-0.372111
3788,-0.62501
3789,-0.838804
3790,-0.323049
3791,-0.276206
3792,-1.59732
3793,-1.10094
3794,2.12686
3795,-1.59299
3796,1.35443
3797,0.593292
3798,-0.293329
3799,-1.28777
3800,1.47165
3801,2.18287
3802,-0.975058
3803,0.518957
3804,-1.96839
3805,-0.882305
3806,-0.30608
3807,-0.43431
3808,0.787253
3809,-0.00762153
3810,1.79283
3811,1.76313
3812,2.16438
3813,3.87181
3814,-1.25856
3815,-1.52483
3816,6.57018
3817,-2.28068
3818,0.115052
3819,-1.71324
3820,-1.48701
3821,5.08247
3822,3.24162
3823,-0.794328
3824,-0.525441
3825,1.48419
3826,-1.58637
3827,-0.0506264
3828,0.897405
3829,-0.956191
3830,-0.184142
3831,1.39782
3832,0.371344
3833,2.59043
3834,4.17273
3835,6.49944
3836,-0.905056
3837,0.267186
3838,0.141202
3839,0.0423826
3840,0.612531
3841,1.6615
3842,2.24598
3843,-0.0213105
3844,4.41764
3845,1.33504
3846,4.9244
3847,0.475499
3848,2.64802
3849,-0.710496
3850,-2.44575
3851,-2.51152
3852,-1.28824
3853,-0.742351
3854,-0.00894251
3855,-0.867867
3856,1.339
3857,4.89374
3858,-1.11853
3859,-0.0123102
3860,-1.38485
3861,0.744015
3862,-0.694771
3863,-1.01508
3864,1.42498
3865,-1.61126
3866,10.2397
3867,-1.12854
3868,-1.32434
3869,-0.398354
3870,-0.0804112
3871,2.25094
3872,-2.20118
3873,1.5657
3874,-0.492924
3875,1.77889
3876,-1.28481
3877,1.52463
3878,-1.04069
3879,0.396055
3880,0.538558
3881,-1.42895
3882,-0.102266
3883,3.00537
3884,1.52267
3885,-0.928781
3886,-0.389454
3887,1.61313
3888,-0.0215285
3889,-0.575691
3890,-0.0237848
3891,-1.15926
3892,2.19428
3893,-0.78954
3894,2.16628
3895,-2.35944
3896,2.36841
3897,-1.00452
3898,1.77148
3899,0.475353
3900,0.871119
3901,3.24282
3902,-0.560849
3903,0.0589649
3904,1.81064
3905,1.06752
3906,-1.24471
3907,0.204552
3908,0.555159
3909,-1.01445
3910,1.30845
3911,0.833944
3912,5.48835
3913,1.04308
3914,-0.0771564
3915,-1.90857
3916,-0.813358
3917,-1.06546
3918,1.22732
3919,0.541175
3920,-1.24351
3921,-0.983092
3922,5.25051
3923,0.67345
3924,1.56268
3925,-0.600485
3926,-0.533747
3927,-1.6983
3928,3.24912
3929,1.6977
3930,-0.229466
3931,-2.24387
3932,0.358409
3933,-1.36871
3934,-0.792361
3935,-0.339089
3936,0.111728
3937,1.43814
3938,0.86362
3939,-2.35135
3940,-1.05237
3941,2.03397
3942,4.12785
3943,0.399844
3944,1.69604
3945,11.019
3946,-0.916162
3947,2.45013
3948,-0.20747
3949,-0.815123
3950,-1.67467
3951,0.123951
3952,0.570017
3953,-1.02097
3954,1.31443
3955,-0.573675
3956,0.426238
3957,-0.605221
3958,3.27978
3959,5.95462
3960,-0.684427
3961,-0.392997
3962,0.974954
3963,0.941396
3964,-0.722564
3965,-1.10145
3966,-0.460027
3967,1.36573
3968,1.42125
3969,3.15952
3970,-0.43941
3971,-0.522038
3972,0.745725
3973,1.02178
3974,0.538032
3975,-0.0918468
3976,1.57345
3977,-0.188028
3978,-0.82951
3979,-0.304149
3980,1.07411
3981,0.483036
3982,1.99052
3983,2.3905
3984,-1.15313
3985,1.97083
3986,-1.60044
3987,0.384838
3988,-0.11968
3989,-0.678518
3990,-1.16469
3991,0.816739
3992,-1.07274
3993,-0.382414
3994,0.936752
3995,1.21189
3996,0.514868
3997,0.232028
3998,0.729956
3999,1.82998
4000,-0.299272
4001,-0.127389
4002,1.14641
4003,-0.915237
4004,-0.965625
4005,-0.937111
4006,-0.509146
4007,2.68718
4008,-1.92844
4009,0.00419374
4010,-0.194613
4011,-0.0467307
4012,-1.26211
4013,-0.0759721
4014,1.18151
4015,1.47312
4016,0.979722
4017,-0.780228
4018,6.19433
4019,-0.34405
4020,0.817887
4021,-0.997713
4022,-1.12079
4023,-1.5232
4024,1.14527
4025,1.0895
4026,-0.0572264
4027,-0.0113714
4028,0.309547
4029,2.40616
4030,1.01463
4031,-0.935964
4032,10.2841
4033,-0.272837
4034,3.49607
4035,4.69249
4036,2.76364
4037,-0.292367
4038,1.49547
4039,2.40031
4040,0.231432
4041,0.383371
4042,0.406115
4043,1.47753
4044,-0.533354
4045,-0.289771
4046,0.248097
4047,1.17684
4048,2.50838
4049,6.74144
4050,-0.93127
4051,3.51144
4052,-0.840877
4053,0.887685
4054,-1.24881
4055,2.13156
4056,-1.86044
4057,1.28022
4058,0.966385
4059,-1.4775
4060,-0.572897
4061,0.809419
4062,0.809922
4063,2.32227
4064,0.00555507
4065,-1.44368
4066,2.24211
4067,-0.343323
4068,-1.29106
4069,0.194347
4070,-2.31325
4071,-0.620337
4072,2.52915
4073,-0.0638442
4074,-0.395437
4075,-1.40421
4076,2.91159
4077,-0.180857
4078,-0.316608
4079,0.999943
4080,-1.34996
4081,1.46159
4082,0.658113
4083,-0.390423
4084,1.62306
4085,-0.427721
4086,0.656961
4087,0.907229
4088,0.41703
4089,-0.209545
4090,-0.425376
4091,0.355801
4092,2.0707
4093,1.31261
4094,0.210066
4095,-1.81864
4096,-1.0656
4097,5.25087
4098,-1.32868
4099,-0.352576
4100,0.755458
4101,5.19964
4102,7.54428
4103,1.5655
4104,-0.0182419
4105,-0.777466
4106,-1.61963
4107,1.12779
4108,0.510743
4109,-0.198207
4110,2.37971
4111,2.25112
4112,-0.0989429
4113,-3.38471
4114,2.8451
4115,1.09906
4116,-0.295998
4117,-0.658716
4118,-0.00916972
4119,1.75564
4120,2.69904
4121,-0.0196012
4122,17.7325
4123,0.774365
4124,-0.601882
4125,0.744967
4126,4.59755
4127,-0.862632
4128,0.525443
4129,-2.06432
4130,1.03169
4131,-0.397859
4132,3.07698
4133,0.822759
4134,0.0574024
4135,-0.728494
4136,0.181608
4137,0.426866
4138,-0.185095
4139,-1.39866
4140,0.330906
4141,0.0150751
4142,-0.24651
4143,2.9638
4144,2.44108
4145,-0.306703
4146,0.0942958
4147,2.37498
4148,0.727529
4149,-0.214541
4150,-0.586747
4151,1.31422
4152,-0.827661
4153,4.48144
4154,-0.261914
4155,-0.989968
4156,2.12051
4157,0.00923412
4158,-1.5119
4159,2.74033
4160,1.57038
4161,5.98909
4162,0.341398
4163,0.725497
4164,-2.78878
4165,1.50766
4166,0.394119
4167,-1.06025
4168,-1.34683
4169,0.0543155
4170,2.73212
4171,3.24079
4172,-1.96538
4173,1.40147
4174,-1.42067
4175,-0.962501
4176,-0.845523
4177,1.73704
4178,-1.40714
4179,0.557496
4180,-0.483395
4181,0.332461
4182,0.12804
4183,1.01404
4184,-0.0397203
4185,1.18553
4186,-1.88798
4187,-0.158428
4188,2.54379
4189,1.63624
4190,7.06087
4191,2.0727
4192,-1.57269
4193,-1.09195
4194,2.47079
4195,1.78072
4196,0.982464
4197,0.420893
4198,-0.996433
4199,1.06655
4200,4.38299
4201,-0.43716
4202,2.56355
4203,0.117831
4204,-1.08154
4205,-1.33774
4206,-0.611406
4207,-0.631746
4208,0.103636
4209,-1.12602
4210,2.1006
4211,0.167963
4212,1.53075
4213,0.0133327
4214,1.99815
4215,-0.278765
4216,-0.271356
4217,-0.501887
4218,1.55492
4219,-2.15583
4220,-0.129882
4221,2.49663
4222,0.223173
4223,-0.157076
4224,2.36131
4225,-1.08908
4226,-1.41796
4227,0.282217
4228,-0.663749
4229,-0.819299
4230,0.62526
4231,0.74276
4232,-2.81373
4233,0.166005
4234,3.1114
4235,0.30371
4236,-1.30632
4237,1.83494
4238,-0.336747
4239,-0.95967
4240,1.43123
4241,1.05906
4242,-1.83128
4243,0.279194
4244,-1.00071
4245,-1.33357
4246,-0.211616
4247,1.14256
4248,-0.395068
4249,-1.63054
4250,3.12009
4251,-1.15477
4252,2.63251
4253,1.11391
4254,2.33186
4255,0.715453
4256,1.42983
4257,0.445303
4258,-0.617162
4259,4.25285
4260,-0.342098
4261,0.0225453
4262,0.281382
4263,1.39827
4264,-0.0826225
4265,-0.100056
4266,-2.40801
4267,-1.13127
4268,-0.660458
4269,-0.669073
4270,2.02374
4271,-0.145315
4272,1.27847
4273,1.79233
4274,7.65621
4275,-0.439362
4276,-0.880479
4277,3.18401
4278,1.17315
4279,1.12057
4280,-0.0470678
4281,-1.09633
4282,2.10585
4283,-1.70122
4284,0.23551
4285,1.1965
4286,-1.7432
4287,-0.50814
4288,-0.988315
4289,-0.978339
4290,-0.443404
4291,7.81873
4292,1.34352
4293,-1.98089
4294,0.328972
4295,-0.72052
4296,2.57528
4297,1.15518
4298,1.46064
4299,1.75541
4300,-0.361471
4301,-0.644226
4302,-1.51712
4303,-0.41675
4304,-0.751616
4305,-0.270254
4306,2.69749
4307,0.894677
4308,3.54831
4309,11.0703
4310,-0.998532
4311,0.830452
4312,-0.554232
4313,0.0707926
4314,-0.632861
4315,5.92369
4316,-0.347606
4317,2.96864
4318,3.17892
4319,-0.916284
4320,2.35937
4321,0.362107
4322,-0.0869268
4323,0.787134
4324,-0.500106
4325,-1.29289
4326,0.245449
4327,1.44323
4328,3.63103
4329,1.60305
4330,0.248086
4331,-0.123407
4332,-1.35753
4333,0.661757
4334,-0.652478
4335,-0.309941
4336,-0.906778
4337,-1.44249
4338,-0.546403
4339,1.93202
4340,1.65967
4341,1.20879
4342,4.78048
4343,-0.98711
4344,-1.69634
4345,-0.332428
4346,0.46184
4347,-1.56944
4348,5.37933
4349,-1.36884
4350,2.80663
4351,1.67211
4352,0.715059
4353,-0.635848
4354,-0.309677
4355,0.252032
4356,-1.24719
4357,-0.712195
4358,-0.0387253
4359,2.15124
4360,1.06756
4361,-0.48373
4362,-1.38667
4363,-0.0893908
4364,3.10016
4365,2.0307
4366,-1.13505
4367,1.49059
4368,0.499084
4369,-0.781873
4370,2.84501
4371,1.33171
4372,-0.218558
4373,-0.820341
4374,0.881584
4375,-0.311544
4376,5.65293
4377,-0.862261
4378,0.646422
4379,0.323696
4380,-2.56119
4381,1.39619
4382,3.95815
4383,-1.28813
4384,-1.64942
4385,-0.752357
4386,0.840659
4387,-1.0697
4388,0.315034
4389,-0.801068
4390,-0.825067
4391,-0.934968
4392,0.176403
4393,-1.38808
4394,0.189786
4395,3.47643
4396,1.72633
4397,-0.457222
4398,0.844548
4399,0.158699
4400,0.126945
4401,0.138239
4402,-1.27837
4403,0.132911
4404,0.505864
4405,0.00931229
4406,-1.09732
4407,4.38905
4408,-0.72857
4409,-1.00456
4410,-1.03051
4411,1.76939
4412,0.764867
4413,-1.15748
4414,-2.03248
4415,1.92503
4416,-0.612072
4417,-0.452698
4418,0.644064
4419,1.53678
4420,-1.44427
4421,2.51707
4422,-1.59186
4423,-0.444975
4424,-0.138297
4425,-0.124789
4426,-1.45274
4427,-0.604077
4428,-1.29567
4429,-1.33089
4430,-1.57539
4431,0.4542
4432,0.131571
4433,-1.82956
4434,0.196633
4435,18.7583
4436,1.77483
4437,0.688011
4438,0.0413365
4439,0.349697
4440,4.16391
4441,-2.51445
4442,0.351745
4443,23.4745
4444,-0.244212
4445,1.46957
4446,-0.749494
4447,1.03598
4448,2.69519
4449,-0.745171
4450,0.6842
4451,2.1216
4452,2.10697
4453,0.573353
4454,1.8234
4455,2.4993
4456,0.602226
4457,-0.715431
4458,7.60703
4459,-0.720386
4460,0.124146
4461,-1.72638
4462,0.926029
4463,0.235827
4464,2.02646
4465,2.61013
4466,-0.269612
4467,0.385241
4468,1.26902
4469,-0.640897
4470,0.369399
4471,-0.644253
4472,-0.831568
4473,-0.47343
4474,-0.380845
4475,-0.457698
4476,-1.5462
4477,-0.0875901
4478,-0.588159
4479,0.762133
4480,-1.17932
4481,-1.06317
4482,2.63007
4483,0.0931688
4484,-0.65574
4485,4.2196
4486,-0.585156
4487,6.60196
4488,3.41829
4489,-0.593754
4490,5.87851
4491,-0.352704
4492,-1.36878
4493,0.38044
4494,0.658538
4495,-1.15188
4496,-0.701988
4497,0.468462
4498,13.8513
4499,0.2505
4500,-1.13023
4501,0.117419
4502,2.12077
4503,-2.6653
4504,0.469913
4505,-0.446388
4506,3.21034
4507,1.17218
4508,0.644704
4509,-0.0344062
4510,0.613991
4511,-1.1577
4512,-0.612632
4513,-0.88173
4514,0.195426
4515,0.9792
4516,0.324678
4517,-2.40949
4518,2.86392
4519,-1.44716
4520,2.62269
4521,-0.700159
4522,0.300511
4523,-0.307944
4524,-0.725411
4525,4.97259
4526,1.43713
4527,-1.12858
4528,0.254783
4529,0.133457
4530,-0.85711
4531,2.41096
4532,0.279453
4533,0.435952
4534,-0.184637
4535,0.0989585
4536,0.65034
4537,1.56378
4538,1.12937
4539,0.311035
4540,2.19452
4541,0.800798
4542,-0.380651
4543,-0.0692925
4544,1.63642
4545,-0.881845
4546,1.34668
4547,11.8163
4548,0.400629
4549,1.129
4550,0.0799668
4551,-0.0879363
4552,-0.230734
4553,0.261953
4554,-1.60785
4555,1.23732
4556,-0.563057
4557,-2.50913
4558,1.88008
4559,-1.55494
4560,-1.75934
4561,-0.74874
4562,-0.949952
4563,-0.194088
4564,-1.81719
4565,0.933093
4566,-1.3155
4567,1.23776
4568,-1.51987
4569,-0.015658
4570,-0.31673
4571,0.900182
4572,-0.451993
4573,-0.751416
4574,-0.0966037
4575,-0.151904
4576,0.227446
4577,3.78897
4578,-1.06217
4579,3.94991
4580,3.42079
4581,-0.344047
4582,-0.718212
4583,1.04116
4584,8.45805
4585,3.62396
4586,0.523617
4587,-1.25862
4588,-0.816773
4589,-1.60726
4590,0.578414
4591,1.1423
4592,1.39652
4593,16.5272
4594,1.36304
4595,-2.49149
4596,2.36698
4597,3.66186
4598,0.115514
4599,1.39332
4600,0.448663
4601,-1.20999
4602,0.0340266
4603,4.38222
4604,-2.16697
4605,0.435693
4606,0.518654
4607,-1.10163
4608,-2.08149
4609,-1.03568
4610,3.86964
4611,-0.152974
4612,1.49675
4613,-0.328048
4614,0.279785
4615,5.41649
4616,-0.325291
4617,2.2044
4618,3.58378
4619,3.11208
4620,-0.954473
4621,1.75899
4622,1.42636
4623,0.213801
4624,-0.989594
4625,20.2095
4626,-0.268824
4627,-0.948336
4628,-1.95759
4629,-0.284938
4630,-0.403042
4631,-0.78296
4632,1.35236
4633,4.03492
4634,0.561352
4635,1.71742
4636,3.96986
4637,-0.723942
4638,-0.649179
4639,-1.70552
4640,-0.0660949
4641,4.6395
4642,-1.17625
4643,-1.52399
4644,2.96562
4645,0.270829
4646,2.35857
4647,-0.15207
4648,1.56561
4649,2.85758
4650,0.315353
4651,2.64716
4652,-0.738196
4653,1.51818
4654,-0.208244
4655,2.30162
4656,-0.169828
4657,7.78396
4658,2.10987
4659,-0.917823
4660,-0.248083
4661,8.71025
4662,-1.17291
4663,-0.661826
4664,-1.0026
4665,0.375452
4666,-1.4571
4667,0.336288
4668,-0.965681
4669,-0.183519
4670,-0.522239
4671,-1.45735
4672,1.91731
4673,-1.13565
4674,-0.519359
4675,0.0144337
4676,1.12993
4677,-1.23618
4678,-0.661026
4679,1.84112
4680,0.795309
4681,-0.420216
4682,0.485328
4683,-0.148998
4684,2.04349
4685,-0.895172
4686,0.194377
4687,1.40277
4688,5.16651
4689,0.248633
4690,0.137484
4691,2.08496
4692,5.46553
4693,-0.867202
4694,-0.624241
4695,0.552802
4696,0.171113
4697,17.3486
4698,2.38154
4699,-0.790222
4700,1.15903
4701,3.64385
4702,3.21521
4703,0.716585
4704,-0.184459
4705,0.298068
4706,-0.992971
4707,-0.258618
4708,3.64333
4709,-1.15161
4710,-0.738457
4711,5.08857
4712,-0.942418
4713,0.566109
4714,-1.21851
4715,-0.434227
4716,-0.693605
4717,0.730018
4718,3.66766
4719,1.89223
4720,0.0405224
4721,-0.152017
4722,0.464586
4723,0.443844
4724,4.23569
4725,-0.966557
4726,-0.684132
4727,-2.61951
4728,11.159
4729,-1.13642
4730,-0.957757
4731,-1.50075
4732,14.2465
4733,-0.54894
4734,-0.684082
4735,-0.946309
4736,2.33625
4737,-0.987968
4738,13.9368
4739,-0.0622502
4740,2.41974
4741,1.84654
4742,-0.589483
4743,1.50964
4744,5.28999
4745,5.86321
4746,-1.12707
4747,-1.45024
4748,61.3925
4749,-2.25606
4750,9.28307
4751,-0.235304
4752,-0.364918
4753,2.16665
4754,0.686112
4755,-1.08119
4756,1.29821
4757,0.399742
4758,0.0890343
4759,-0.66866
4760,0.802338
4761,1.06121
4762,-0.972486
4763,1.3251
4764,0.324919
4765,-0.695147
4766,-0.21825
4767,-1.7595
4768,-0.163813
4769,0.527165
4770,-0.394879
4771,-1.74366
4772,-0.625385
4773,0.712208
4774,-0.279163
4775,2.88022
4776,-0.0639899
4777,3.95466
4778,-2.33371
4779,0.209165
4780,1.30405
4781,-1.69673
4782,-0.715684
4783,0.722789
4784,0.658524
4785,2.46868
4786,-0.639997
4787,-1.4739
4788,-1.43351
4789,1.34138
4790,-1.09901
4791,1.39643
4792,-1.06601
4793,2.35724
4794,0.282548
4795,-0.428053
4796,-0.845434
4797,-1.57443
4798,0.522638
4799,-0.851851
4800,-0.486703
4801,3.00235
4802,4.41199
4803,-1.74942
4804,0.975768
4805,0.0528031
4806,0.126975
4807,0.499842
4808,0.63612
4809,2.02895
4810,-0.501955
4811,-0.180253
4812,3.56968
4813,-0.0823092
4814,-0.278047
4815,-0.596536
4816,2.80854
4817,-1.41597
4818,-2.7368
4819,-0.723157
4820,8.92628
4821,-1.21043
4822,3.80036
4823,-1.36457
4824,2.42693
4825,0.983671
4826,2.9348
4827,0.26901
4828,-0.631808
4829,-3.53487
4830,-0.659688
4831,0.0340217
4832,-1.13226
4833,-0.129403
4834,0.662761
4835,-1.71869
4836,-0.912347
4837,-1.169
4838,-0.805654
4839,1.18175
4840,-0.390325
4841,-0.37206
4842,0.335868
4843,1.05586
4844,0.266622
4845,0.248585
4846,0.706638
4847,-0.0561753
4848,2.59607
4849,-1.31037
4850,-1.35984
4851,-0.534292
4852,0.993246
4853,-0.123798
4854,2.40772
4855,0.469349
4856,0.238037
4857,-0.76985
4858,-0.330186
4859,4.57706
4860,-1.91888
4861,0.291419
4862,-2.04903
4863,5.88328
4864,6.84573
4865,-0.0961108
4866,-1.96922
4867,2.70136
4868,-0.487094
4869,-1.76378
4870,-3.38568
4871,-0.700119
4872,-0.103664
4873,-0.39315
4874,-0.664045
4875,0.638849
4876,-0.789646
4877,4.78613
4878,0.596186
4879,-1.30412
4880,-0.56398
4881,2.62924
4882,0.215073
4883,0.252328
4884,-0.557967
4885,0.68636
4886,-1.01388
4887,-0.891766
4888,0.117127
4889,0.0441494
4890,-1.51846
4891,-1.29552
4892,-1.75748
4893,1.17227
4894,3.69117
4895,-0.527678
4896,1.67706
4897,-0.299953
4898,-0.621157
4899,-0.319921
4900,-0.524059
4901,-0.235176
4902,-1.05902
4903,2.24615
4904,14.4161
4905,0.837093
4906,4.18018
4907,-1.67949
4908,-1.12425
4909,-0.711219
4910,-0.872899
4911,3.90936
4912,4.51844
4913,3.31841
4914,25.7002
4915,2.00536
4916,0.14887
4917,0.923077
4918,0.0287862
4919,-1.65357
4920,-0.836675
4921,-0.23288
4922,-2.71384
4923,-0.544765
4924,-1.6613
4925,-0.305411
4926,-0.611165
4927,-0.848982
4928,3.21348
4929,1.02568
4930,-0.250074
4931,0.551521
4932,-1.55241
4933,0.919034
4934,0.449841
4935,0.07675
4936,0.348514
4937,0.866827
4938,-0.603871
4939,2.20605
4940,-0.53552
4941,-1.91684
4942,1.19848
4943,0.0303627
4944,-0.175145
4945,-0.849437
4946,0.74612
4947,-1.07012
4948,-0.138939
4949,-0.122876
4950,-0.27442
4951,-0.493571
4952,1.65868
4953,0.147302
4954,-0.609015
4955,1.5248
4956,1.63164
4957,1.4753
4958,-1.61323
4959,2.06591
4960,0.0182365
4961,-0.388595
4962,1.954
4963,-1.52199
4964,-1.2382
4965,-0.627588
4966,-0.264683
4967,1.50615
4968,-1.73078
4969,-1.18587
4970,0.00390849
4971,3.24104
4972,3.66557
4973,1.19181
4974,2.88028
4975,-2.25402
4976,-0.770887
4977,-0.471473
4978,0.540916
4979,-0.848633
4980,-0.196244
4981,-1.78343
4982,-0.270592
4983,3.64293
4984,6.4095
4985,-0.858392
4986,1.97086
4987,-2.63682
4988,-0.727535
4989,-0.540761
4990,-0.633318
4991,6.55977
4992,-0.672576
4993,-1.3152
4994,-0.774634
4995,-0.00758022
4996,-1.85368
4997,-1.44762
4998,2.52097
4999,0.51438
